"","ZIP","CITY","STATE","MEMBER","LAT","LON"
"1",10001,"New York","NY",229371,40.75,-73.9899978637695
"2",60601,"Chicago","IL",90918,41.8800010681152,-87.620002746582
"3",92101,"San Diego","CA",75010,32.7200012207031,-117.169998168945
"4",20001,"Washington","DC",66987,38.9099998474121,-77.0199966430664
"5",90001,"Los Angeles","CA",63421,33.9700012207031,-118.23999786377
"6",77001,"Houston","TX",61242,29.7199993133545,-95.2200012207031
"7",30301,"Atlanta","GA",60998,33.8600006103516,-84.4000015258789
"8",94101,"San Francisco","CA",60351,37.7799987792969,-122.419998168945
"9",98101,"Seattle","WA",58965,47.6100006103516,-122.330001831055
"10",73301,"Austin","TX",57163,30.2199993133545,-97.75
"11",19019,"Philadelphia","PA",53397,40.1199989318848,-75.0100021362305
"12",80201,"Denver","CO",48435,39.7000007629395,-105.080001831055
"13",75201,"Dallas","TX",45269,32.7900009155273,-96.8000030517578
"14",97201,"Portland","OR",42101,45.5,-122.690002441406
"15",2108,"Boston","MA",41166,42.3600006103516,-71.0699996948242
"16",27601,"Raleigh","NC",41033,35.7700004577637,-78.6399993896484
"17",11201,"Brooklyn","NY",40247,40.7000007629395,-73.9899978637695
"18",32801,"Orlando","FL",37389,28.5400009155273,-81.370002746582
"19",85001,"Phoenix","AZ",36727,33.4500007629395,-112.069999694824
"20",89101,"Las Vegas","NV",36677,36.1699981689453,-115.120002746582
"21",55401,"Minneapolis","MN",35437,44.9799995422363,-93.2699966430664
"22",28201,"Charlotte","NC",34727,35.189998626709,-80.8300018310547
"23",94203,"Sacramento","CA",31752,38.5800018310547,-121.48999786377
"24",78201,"San Antonio","TX",28554,29.4699993133545,-98.5299987792969
"25",33601,"Tampa","FL",28225,27.9799995422363,-82.3399963378906
"26",33301,"Fort Lauderdale","FL",24456,26.1200008392334,-80.129997253418
"27",95101,"San Jose","CA",24314,37.3899993896484,-121.900001525879
"28",63101,"Saint Louis","MO",23763,38.6300010681152,-90.1900024414062
"29",33101,"Miami","FL",21729,25.7800006866455,-80.1999969482422
"30",15201,"Pittsburgh","PA",20814,40.4700012207031,-79.9499969482422
"31",21201,"Baltimore","MD",20398,39.2900009155273,-76.620002746582
"32",32099,"Jacksonville","FL",19975,30.3299999237061,-81.7699966430664
"33",23218,"Richmond","VA",19397,37.5400009155273,-77.4400024414062
"34",85701,"Tucson","AZ",19292,32.2200012207031,-110.970001220703
"35",43085,"Columbus","OH",18652,40.0999984741211,-83.0199966430664
"36",37201,"Nashville","TN",18641,36.1699981689453,-86.7799987792969
"37",45201,"Cincinnati","OH",17224,39.1100006103516,-84.5
"38",46201,"Indianapolis","IN",16269,39.7700004577637,-86.1100006103516
"39",64101,"Kansas City","MO",15902,39.0999984741211,-94.5999984741211
"40",22201,"Arlington","VA",14674,38.8899993896484,-77.0999984741211
"41",90401,"Santa Monica","CA",14084,34.0200004577637,-118.5
"42",76101,"Fort Worth","TX",13901,32.7599983215332,-97.3300018310547
"43",55101,"Saint Paul","MN",13770,44.9700012207031,-93.0800018310547
"44",44101,"Cleveland","OH",13715,41.4900016784668,-81.6699981689453
"45",92602,"Irvine","CA",13650,33.7400016784668,-117.75
"46",94601,"Oakland","CA",13524,37.7799987792969,-122.220001220703
"47",53201,"Milwaukee","WI",13438,43.0400009155273,-87.9199981689453
"48",80901,"Colorado Springs","CO",13036,38.8300018310547,-104.819999694824
"49",14602,"Rochester","NY",12925,43.1699981689453,-77.5999984741211
"50",22030,"Fairfax","VA",12925,38.8300018310547,-77.3399963378906
"51",87101,"Albuquerque","NM",12585,35.2000007629395,-106.639999389648
"52",90801,"Long Beach","CA",12544,33.7700004577637,-118.190002441406
"53",23450,"Virginia Beach","VA",12427,36.8400001525879,-76.0899963378906
"54",85250,"Scottsdale","AZ",12075,33.5200004577637,-111.910003662109
"55",22301,"Alexandria","VA",11776,38.8199996948242,-77.0599975585938
"56",84101,"Salt Lake City","UT",11741,40.7599983215332,-111.900001525879
"57",80301,"Boulder","CO",11728,40.0499992370605,-105.209999084473
"58",92801,"Anaheim","CA",11522,33.8400001525879,-117.949996948242
"59",48201,"Detroit","MI",10592,42.3499984741211,-83.0599975585938
"60",40201,"Louisville","KY",10551,38.25,-85.7799987792969
"61",30006,"Marietta","GA",10286,33.9500007629395,-84.5400009155273
"62",75023,"Plano","TX",10009,33.060001373291,-96.7399978637695
"63",33401,"West Palm Beach","FL",9947,26.7099990844727,-80.0599975585938
"64",70112,"New Orleans","LA",9499,29.9599990844727,-90.0800018310547
"65",33701,"Saint Petersburg","FL",9496,27.7700004577637,-82.6399993896484
"66",2138,"Cambridge","MA",9363,42.3800010681152,-71.129997253418
"67",14201,"Buffalo","NY",9333,42.9000015258789,-78.879997253418
"68",12201,"Albany","NY",9197,42.6500015258789,-73.75
"69",53701,"Madison","WI",8951,43.0699996948242,-89.379997253418
"70",27395,"Greensboro","NC",8882,36.0400009155273,-79.8600006103516
"71",37901,"Knoxville","TN",8834,36.0299987792969,-83.8899993896484
"72",80120,"Littleton","CO",8729,39.5999984741211,-105.01000213623
"73",98004,"Bellevue","WA",8686,47.6199989318848,-122.209999084473
"74",27511,"Cary","NC",8618,35.7599983215332,-78.7799987792969
"75",73101,"Oklahoma City","OK",8283,35.4900016784668,-97.5599975585938
"76",48103,"Ann Arbor","MI",8235,42.2700004577637,-83.8099975585938
"77",23501,"Norfolk","VA",8077,36.9000015258789,-76.2099990844727
"78",20847,"Rockville","MD",8071,39.0800018310547,-77.1500015258789
"79",10451,"Bronx","NY",8067,40.8199996948242,-73.9199981689453
"80",27701,"Durham","NC",8061,36,-78.9000015258789
"81",85201,"Mesa","AZ",8059,33.4300003051758,-111.839996337891
"82",76001,"Arlington","TX",8058,32.6199989318848,-97.1500015258789
"83",92501,"Riverside","CA",7926,33.9900016784668,-117.370002746582
"84",98401,"Tacoma","WA",7906,47.2599983215332,-122.440002441406
"85",80521,"Fort Collins","CO",7847,40.5800018310547,-105.110000610352
"86",74101,"Tulsa","OK",7757,36.0699996948242,-95.9000015258789
"87",68101,"Omaha","NE",7520,41.2599983215332,-95.9300003051758
"88",91101,"Pasadena","CA",7181,34.1500015258789,-118.139999389648
"89",34230,"Sarasota","FL",7117,27.3500003814697,-82.4899978637695
"90",2901,"Providence","RI",7100,41.8300018310547,-71.4100036621094
"91",29601,"Greenville","SC",7034,34.8499984741211,-82.4000015258789
"92",37501,"Memphis","TN",6946,35.0699996948242,-89.9599990844727
"93",6901,"Stamford","CT",6879,41.0499992370605,-73.5400009155273
"94",85233,"Gilbert","AZ",6768,33.3600006103516,-111.800003051758
"95",10601,"White Plains","NY",6633,41.0299987792969,-73.7600021362305
"96",33019,"Hollywood","FL",6553,26.0200004577637,-80.120002746582
"97",60159,"Schaumburg","IL",6507,42.0400009155273,-88.0800018310547
"98",20901,"Silver Spring","MD",6356,39.0200004577637,-77.0100021362305
"99",85224,"Chandler","AZ",6348,33.3199996948242,-111.879997253418
"100",85280,"Tempe","AZ",6323,33.4099998474121,-111.930000305176
"101",32301,"Tallahassee","FL",6232,30.4300003051758,-84.2600021362305
"102",35201,"Birmingham","AL",6151,33.5200004577637,-86.8099975585938
"103",93650,"Fresno","CA",6130,36.8400001525879,-119.800003051758
"104",94301,"Palo Alto","CA",6046,37.439998626709,-122.150001525879
"105",28401,"Wilmington","NC",6046,34.2299995422363,-77.9400024414062
"106",83701,"Boise","ID",6005,43.6199989318848,-116.319999694824
"107",29401,"Charleston","SC",5991,32.7799987792969,-79.9400024414062
"108",33427,"Boca Raton","FL",5964,26.3500003814697,-80.0800018310547
"109",7097,"Jersey City","NJ",5957,40.75,-74.0500030517578
"110",30004,"Alpharetta","GA",5944,34.1199989318848,-84.3000030517578
"111",6501,"New Haven","CT",5869,41.310001373291,-72.9300003051758
"112",94701,"Berkeley","CA",5844,37.8699989318848,-122.269996643066
"113",13201,"Syracuse","NY",5822,43.0400009155273,-76.1500015258789
"114",94035,"Mountain View","CA",5800,37.4099998474121,-122.050003051758
"115",40502,"Lexington","KY",5776,38,-84.4800033569336
"116",11743,"Huntington","NY",5761,40.8699989318848,-73.4100036621094
"117",49501,"Grand Rapids","MI",5738,42.9599990844727,-85.6600036621094
"118",99501,"Anchorage","AK",5713,61.2200012207031,-149.869995117188
"119",28801,"Asheville","NC",5704,35.5900001525879,-82.5599975585938
"120",92605,"Huntington Beach","CA",5690,33.7200012207031,-118.01000213623
"121",93301,"Bakersfield","CA",5647,35.3800010681152,-119.01000213623
"122",89002,"Henderson","NV",5627,36.060001373291,-114.959999084473
"123",29201,"Columbia","SC",5615,34,-81.0299987792969
"124",92025,"Escondido","CA",5605,33.0999984741211,-117.080001831055
"125",33901,"Fort Myers","FL",5555,26.6299991607666,-81.870002746582
"126",96801,"Honolulu","HI",5515,21.3299999237061,-157.830001831055
"127",33002,"Hialeah","FL",5508,25.8999996185303,-80.3099975585938
"128",33060,"Pompano Beach","FL",5496,26.2299995422363,-80.120002746582
"129",93550,"Palmdale","CA",5490,34.5699996948242,-118.059997558594
"130",89501,"Reno","NV",5408,39.5299987792969,-119.809997558594
"131",11102,"Astoria","NY",5397,40.7700004577637,-73.9199981689453
"132",28301,"Fayetteville","NC",5385,35.060001373291,-78.8600006103516
"133",7101,"Newark","NJ",5331,40.7299995422363,-74.1699981689453
"134",6101,"Hartford","CT",5329,41.7900009155273,-72.6699981689453
"135",32601,"Gainesville","FL",5314,29.6499996185303,-82.3000030517578
"136",70801,"Baton Rouge","LA",5237,30.4500007629395,-91.1900024414062
"137",95060,"Santa Cruz","CA",5236,36.9900016784668,-122.059997558594
"138",10301,"Staten Island","NY",5125,40.6300010681152,-74.0899963378906
"139",98201,"Everett","WA",5120,47.9900016784668,-122.199996948242
"140",7450,"Ridgewood","NJ",5034,40.9799995422363,-74.1100006103516
"141",95401,"Santa Rosa","CA",4983,38.4500007629395,-122.76000213623
"142",4101,"Portland","ME",4947,43.6599998474121,-70.2600021362305
"143",77373,"Spring","TX",4891,30.0499992370605,-95.379997253418
"144",8601,"Trenton","NJ",4851,40.2200012207031,-74.7600021362305
"145",50301,"Des Moines","IA",4850,41.5999984741211,-93.629997253418
"146",67201,"Wichita","KS",4789,37.689998626709,-97.3399963378906
"147",94085,"Sunnyvale","CA",4763,37.3699989318848,-122.029998779297
"148",94595,"Walnut Creek","CA",4755,37.8699989318848,-122.069999694824
"149",1601,"Worcester","MA",4747,42.2700004577637,-71.8099975585938
"150",80010,"Aurora","CO",4741,39.7400016784668,-104.870002746582
"151",17101,"Harrisburg","PA",4732,40.2599983215332,-76.879997253418
"152",44301,"Akron","OH",4700,41.0400009155273,-81.5199966430664
"153",98660,"Vancouver","WA",4699,45.6399993896484,-122.680000305176
"154",99201,"Spokane","WA",4698,47.6699981689453,-117.430000305176
"155",60540,"Naperville","IL",4686,41.7700004577637,-88.1500015258789
"156",18101,"Allentown","PA",4572,40.5999984741211,-75.4700012207031
"157",93001,"Ventura","CA",4569,34.2999992370605,-119.290000915527
"158",90501,"Torrance","CA",4490,33.8300018310547,-118.309997558594
"159",35801,"Huntsville","AL",4475,34.7299995422363,-86.5699996948242
"160",92008,"Carlsbad","CA",4463,33.1500015258789,-117.309997558594
"161",97005,"Beaverton","OR",4447,45.4900016784668,-122.800003051758
"162",34101,"Naples","FL",4390,26.1399993896484,-81.8000030517578
"163",45401,"Dayton","OH",4381,39.7799987792969,-84.1999969482422
"164",75034,"Frisco","TX",4361,33.1500015258789,-96.8499984741211
"165",98501,"Olympia","WA",4361,46.9900016784668,-122.870002746582
"166",92658,"Newport Beach","CA",4360,33.6399993896484,-117.860000610352
"167",31401,"Savannah","GA",4312,32.0699996948242,-81.1100006103516
"168",92049,"Oceanside","CA",4298,33.189998626709,-117.379997253418
"169",20190,"Reston","VA",4216,38.9599990844727,-77.3399963378906
"170",32501,"Pensacola","FL",4192,30.4200000762939,-87.2200012207031
"171",3101,"Manchester","NH",4132,42.9900016784668,-71.4700012207031
"172",2143,"Somerville","MA",4098,42.3800010681152,-71.0999984741211
"173",94536,"Fremont","CA",4082,37.560001373291,-122
"174",22901,"Charlottesville","VA",4059,38.060001373291,-78.4899978637695
"175",43601,"Toledo","OH",4032,41.6500015258789,-83.5500030517578
"176",19801,"Wilmington","DE",4032,39.7400016784668,-75.5500030517578
"177",97401,"Eugene","OR",4025,44.0800018310547,-123.069999694824
"178",98055,"Renton","WA",4017,47.4599990844727,-122.209999084473
"179",93101,"Santa Barbara","CA",4006,34.4199981689453,-119.709999084473
"180",75069,"McKinney","TX",3995,33.1800003051758,-96.5999984741211
"181",33755,"Clearwater","FL",3967,27.9799995422363,-82.7799987792969
"182",92626,"Costa Mesa","CA",3955,33.6800003051758,-117.910003662109
"183",32901,"Melbourne","FL",3942,28.0699996948242,-80.629997253418
"184",33109,"Miami Beach","FL",3896,25.7999992370605,-80.2900009155273
"185",8901,"New Brunswick","NJ",3879,40.4900016784668,-74.4499969482422
"186",37401,"Chattanooga","TN",3838,35.0400009155273,-85.3099975585938
"187",21044,"Columbia","MD",3833,39.2099990844727,-76.879997253418
"188",48901,"Lansing","MI",3831,42.7299995422363,-84.5500030517578
"189",12601,"Poughkeepsie","NY",3829,41.7000007629395,-73.9199981689453
"190",24001,"Roanoke","VA",3800,37.2700004577637,-79.9400024414062
"191",90209,"Beverly Hills","CA",3788,34.0699996948242,-118.389999389648
"192",75014,"Irving","TX",3787,32.8400001525879,-96.9700012207031
"193",77449,"Katy","TX",3780,29.8199996948242,-95.75
"194",94401,"San Mateo","CA",3775,37.5699996948242,-122.319999694824
"195",17601,"Lancaster","PA",3762,40.0299987792969,-76.1699981689453
"196",8002,"Cherry Hill","NJ",3741,39.9300003051758,-75.0199966430664
"197",95050,"Santa Clara","CA",3642,37.3499984741211,-121.959999084473
"198",66204,"Overland Park","KS",3629,38.9900016784668,-94.6800003051758
"199",85301,"Glendale","AZ",3580,33.5400009155273,-112.180000305176
"200",95661,"Roseville","CA",3578,38.7299995422363,-121.230003356934
"201",27514,"Chapel Hill","NC",3539,35.9300003051758,-79.0400009155273
"202",92401,"San Bernardino","CA",3522,34.1100006103516,-117.290000915527
"203",22040,"Falls Church","VA",3510,38.8899993896484,-77.1699981689453
"204",95350,"Modesto","CA",3507,37.6599998474121,-120.98999786377
"205",97301,"Salem","OR",3481,44.9300003051758,-122.959999084473
"206",46801,"Fort Wayne","IN",3439,41.0699996948242,-85.1699981689453
"207",30030,"Decatur","GA",3424,33.7700004577637,-84.3000030517578
"208",22191,"Woodbridge","VA",3389,38.6300010681152,-77.2699966430664
"209",92856,"Orange","CA",3360,33.7799987792969,-117.839996337891
"210",30042,"Lawrenceville","GA",3344,33.9199981689453,-84.0699996948242
"211",78664,"Round Rock","TX",3342,30.5100002288818,-97.6699981689453
"212",76201,"Denton","TX",3340,33.2200012207031,-97.1399993896484
"213",92589,"Temecula","CA",3316,33.5200004577637,-117.110000610352
"214",98052,"Redmond","WA",3313,47.6800003051758,-122.120002746582
"215",23320,"Chesapeake","VA",3268,36.7400016784668,-76.2300033569336
"216",27101,"Winston Salem","NC",3263,36.0999984741211,-80.2099990844727
"217",33801,"Lakeland","FL",3205,28.0400009155273,-81.9400024414062
"218",98033,"Kirkland","WA",3200,47.689998626709,-122.190002441406
"219",94901,"San Rafael","CA",3192,37.9700012207031,-122.51000213623
"220",60502,"Aurora","IL",3181,41.7799987792969,-88.25
"221",5401,"Burlington","VT",3157,44.4900016784668,-73.2300033569336
"222",1850,"Lowell","MA",3131,42.6500015258789,-71.3099975585938
"223",72201,"Little Rock","AR",3097,34.75,-92.2799987792969
"224",8701,"Lakewood","NJ",3042,40.0800018310547,-74.1999969482422
"225",30901,"Augusta","GA",3035,33.4599990844727,-81.9700012207031
"226",95201,"Stockton","CA",3003,37.9099998474121,-121.220001220703
"227",49001,"Kalamazoo","MI",3001,42.2599983215332,-85.4599990844727
"228",90277,"Redondo Beach","CA",2974,33.8300018310547,-118.379997253418
"229",30075,"Roswell","GA",2966,34.0499992370605,-84.379997253418
"230",20810,"Bethesda","MD",2937,38.9799995422363,-77.0999984741211
"231",7030,"Hoboken","NJ",2932,40.75,-74.0299987792969
"232",98225,"Bellingham","WA",2927,48.75,-122.48999786377
"233",22401,"Fredericksburg","VA",2903,38.2999992370605,-77.4899978637695
"234",75080,"Richardson","TX",2886,32.9599990844727,-96.75
"235",87501,"Santa Fe","NM",2867,35.7000007629395,-105.970001220703
"236",91403,"Sherman Oaks","CA",2859,34.1500015258789,-118.459999084473
"237",20108,"Manassas","VA",2834,38.75,-77.4899978637695
"238",33454,"Lake Worth","FL",2808,26.6100006103516,-80.2300033569336
"239",80110,"Englewood","CO",2801,39.6500015258789,-104.980003356934
"240",1752,"Marlborough","MA",2789,42.3499984741211,-71.5500030517578
"241",91501,"Burbank","CA",2786,34.189998626709,-118.300003051758
"242",2445,"Brookline","MA",2786,42.3300018310547,-71.129997253418
"243",3060,"Nashua","NH",2779,42.7599983215332,-71.4700012207031
"244",1101,"Springfield","MA",2774,42.0999984741211,-72.5899963378906
"245",91601,"North Hollywood","CA",2764,34.1699981689453,-118.370002746582
"246",20146,"Ashburn","VA",2762,39.0200004577637,-77.4599990844727
"247",91701,"Rancho Cucamonga","CA",2743,34.1599998474121,-117.589996337891
"248",95624,"Elk Grove","CA",2695,38.439998626709,-121.279998779297
"249",20170,"Herndon","VA",2693,38.9799995422363,-77.3899993896484
"250",65801,"Springfield","MO",2654,37.1300010681152,-93.2900009155273
"251",60116,"Carol Stream","IL",2653,41.9099998474121,-88.129997253418
"252",20877,"Gaithersburg","MD",2637,39.1399993896484,-77.1900024414062
"253",75006,"Carrollton","TX",2625,32.9599990844727,-96.8899993896484
"254",92877,"Corona","CA",2616,33.8800010681152,-117.569999694824
"255",61601,"Peoria","IL",2606,40.689998626709,-89.5899963378906
"256",92562,"Murrieta","CA",2560,33.5400009155273,-117.290000915527
"257",91909,"Chula Vista","CA",2543,32.6100006103516,-117.069999694824
"258",32114,"Daytona Beach","FL",2543,29.2000007629395,-81.0400009155273
"259",79901,"El Paso","TX",2542,31.7600002288818,-106.48999786377
"260",92831,"Fullerton","CA",2525,33.8899993896484,-117.889999389648
"261",60201,"Evanston","IL",2498,42.060001373291,-87.6999969482422
"262",34470,"Ocala","FL",2478,29.2000007629395,-82.0899963378906
"263",21701,"Frederick","MD",2478,39.4199981689453,-77.3399963378906
"264",92701,"Santa Ana","CA",2473,33.75,-117.849998474121
"265",75040,"Garland","TX",2458,32.9300003051758,-96.620002746582
"266",30601,"Athens","GA",2452,33.9700012207031,-83.3600006103516
"267",30501,"Gainesville","GA",2441,34.2900009155273,-83.8199996948242
"268",34952,"Port Saint Lucie","FL",2426,27.2999992370605,-80.3000030517578
"269",6850,"Norwalk","CT",2411,41.1300010681152,-73.4400024414062
"270",34741,"Kissimmee","FL",2409,28.2999992370605,-81.4199981689453
"271",75029,"Lewisville","TX",2378,33.0499992370605,-97.0100021362305
"272",95630,"Folsom","CA",2364,38.6800003051758,-121.160003662109
"273",33444,"Delray Beach","FL",2363,26.4599990844727,-80.0800018310547
"274",32789,"Winter Park","FL",2353,28.6000003814697,-81.3600006103516
"275",10701,"Yonkers","NY",2343,40.939998626709,-73.879997253418
"276",79401,"Lubbock","TX",2340,33.5800018310547,-101.849998474121
"277",43016,"Dublin","OH",2327,40.1300010681152,-83.0999984741211
"278",91108,"San Marino","CA",2323,34.1199989318848,-118.110000610352
"279",17401,"York","PA",2323,39.9599990844727,-76.7300033569336
"280",21401,"Annapolis","MD",2317,39,-76.5100021362305
"281",19601,"Reading","PA",2312,40.3499984741211,-75.9400024414062
"282",68501,"Lincoln","NE",2307,40.8199996948242,-96.7799987792969
"283",54301,"Green Bay","WI",2301,44.4799995422363,-88.0199966430664
"284",98310,"Bremerton","WA",2295,47.6100006103516,-122.629997253418
"285",47401,"Bloomington","IN",2287,39.0999984741211,-86.4599990844727
"286",61101,"Rockford","IL",2287,42.2999992370605,-89.129997253418
"287",71101,"Shreveport","LA",2284,32.5,-93.75
"288",98011,"Bothell","WA",2283,47.7599983215332,-122.190002441406
"289",65201,"Columbia","MO",2279,38.9000015258789,-92.25
"290",30144,"Kennesaw","GA",2277,34.0299987792969,-84.5800018310547
"291",45390,"Union City","OH",2274,40.0200004577637,-84.5599975585938
"292",30080,"Smyrna","GA",2268,33.8699989318848,-84.5100021362305
"293",70501,"Lafayette","LA",2266,30.2399997711182,-92.0100021362305
"294",94070,"San Carlos","CA",2260,37.4900016784668,-122.269996643066
"295",20175,"Leesburg","VA",2257,39.0800018310547,-77.6100006103516
"296",2451,"Waltham","MA",2256,42.4000015258789,-71.2600021362305
"297",36601,"Mobile","AL",2242,30.7000007629395,-88.0500030517578
"298",92069,"San Marcos","CA",2241,33.1500015258789,-117.169998168945
"299",91201,"Glendale","CA",2224,34.1699981689453,-118.290000915527
"300",23601,"Newport News","VA",2217,37.060001373291,-76.4599990844727
"301",85345,"Peoria","AZ",2214,33.5699996948242,-112.25
"302",97701,"Bend","OR",2208,44.0999984741211,-121.290000915527
"303",75002,"Allen","TX",2207,33.0900001525879,-96.620002746582
"304",12301,"Schenectady","NY",2202,42.810001373291,-73.9400024414062
"305",80501,"Longmont","CO",2192,40.1699981689453,-105.129997253418
"306",29572,"Myrtle Beach","SC",2178,33.7599983215332,-78.8000030517578
"307",77581,"Pearland","TX",2177,29.5599994659424,-95.2799987792969
"308",11375,"Forest Hills","NY",2159,40.7200012207031,-73.8499984741211
"309",61820,"Champaign","IL",2159,40.1100006103516,-88.25
"310",72701,"Fayetteville","AR",2118,36.0499992370605,-94.1399993896484
"311",20163,"Sterling","VA",2115,38.9900016784668,-77.4499969482422
"312",18501,"Scranton","PA",2107,41.3699989318848,-75.6800003051758
"313",94061,"Redwood City","CA",2107,37.4599990844727,-122.230003356934
"314",92690,"Mission Viejo","CA",2104,33.6100006103516,-117.639999389648
"315",37127,"Murfreesboro","TN",2099,35.7799987792969,-86.3300018310547
"316",34201,"Bradenton","FL",2092,27.3899993896484,-82.4800033569336
"317",33508,"Brandon","FL",2091,27.9300003051758,-82.2900009155273
"318",32701,"Altamonte Springs","FL",2070,28.6599998474121,-81.370002746582
"319",3801,"Portsmouth","NH",2068,43.0699996948242,-70.7799987792969
"320",30095,"Duluth","GA",2063,33.9799995422363,-84.1500015258789
"321",11030,"Manhasset","NY",2062,40.7999992370605,-73.6800003051758
"322",27502,"Apex","NC",2045,35.7099990844727,-78.8199996948242
"323",85374,"Surprise","AZ",2043,33.6300010681152,-112.349998474121
"324",92656,"Aliso Viejo","CA",2037,33.5800018310547,-117.73999786377
"325",96001,"Redding","CA",2036,40.560001373291,-122.419998168945
"326",92023,"Encinitas","CA",2034,33.0299987792969,-117.290000915527
"327",22150,"Springfield","VA",2029,38.7700004577637,-77.1900024414062
"328",14850,"Ithaca","NY",2015,42.4500007629395,-76.5
"329",8817,"Edison","NJ",2013,40.5099983215332,-74.4000015258789
"330",33424,"Boynton Beach","FL",2009,26.5200004577637,-80.1100006103516
"331",76540,"Killeen","TX",2008,31.1200008392334,-97.7200012207031
"332",89030,"North Las Vegas","NV",2006,36.2099990844727,-115.129997253418
"333",91765,"Diamond Bar","CA",1989,34,-117.819999694824
"334",28540,"Jacksonville","NC",1970,34.7599983215332,-77.4300003051758
"335",22180,"Vienna","VA",1970,38.9000015258789,-77.2600021362305
"336",78613,"Cedar Park","TX",1968,30.4899997711182,-97.8300018310547
"337",80020,"Broomfield","CO",1967,39.9300003051758,-105.080001831055
"338",66044,"Lawrence","KS",1963,38.9599990844727,-95.25
"339",2135,"Brighton","MA",1960,42.3499984741211,-71.120002746582
"340",48067,"Royal Oak","MI",1950,42.4900016784668,-83.1399993896484
"341",7042,"Montclair","NJ",1939,40.810001373291,-74.2200012207031
"342",2130,"Jamaica Plain","MA",1937,42.2900009155273,-71.129997253418
"343",92019,"El Cajon","CA",1936,32.7799987792969,-116.910003662109
"344",16501,"Erie","PA",1935,42.1199989318848,-80.0800018310547
"345",46601,"South Bend","IN",1925,41.6699981689453,-86.25
"346",47701,"Evansville","IN",1925,37.9799995422363,-87.5699996948242
"347",31901,"Columbus","GA",1923,32.4700012207031,-84.9800033569336
"348",91388,"Van Nuys","CA",1918,34.2000007629395,-118.449996948242
"349",52240,"Iowa City","IA",1907,41.6599998474121,-91.5299987792969
"350",23630,"Hampton","VA",1902,37,-76.4100036621094
"351",60431,"Joliet","IL",1901,41.5200004577637,-88.1600036621094
"352",22101,"Mc Lean","VA",1898,38.9300003051758,-77.1800003051758
"353",91364,"Woodland Hills","CA",1897,34.1500015258789,-118.599998474121
"354",62701,"Springfield","IL",1894,39.7999992370605,-89.6500015258789
"355",98030,"Kent","WA",1894,47.3800010681152,-122.209999084473
"356",77478,"Sugar Land","TX",1879,29.6299991607666,-95.6399993896484
"357",98371,"Puyallup","WA",1878,47.189998626709,-122.309997558594
"358",2474,"Arlington","MA",1863,42.4199981689453,-71.1600036621094
"359",60301,"Oak Park","IL",1861,41.8899993896484,-87.8000030517578
"360",92780,"Tustin","CA",1859,33.7400016784668,-117.819999694824
"361",33904,"Cape Coral","FL",1856,26.6000003814697,-81.9499969482422
"362",11351,"Flushing","NY",1840,40.7799987792969,-73.8300018310547
"363",44701,"Canton","OH",1830,40.7299995422363,-81.4499969482422
"364",19380,"West Chester","PA",1827,39.9799995422363,-75.5999984741211
"365",32401,"Panama City","FL",1825,30.1599998474121,-85.6500015258789
"366",90069,"West Hollywood","CA",1823,34.0900001525879,-118.379997253418
"367",94518,"Concord","CA",1819,37.9500007629395,-122.019996643066
"368",66601,"Topeka","KS",1813,39.060001373291,-95.6800003051758
"369",20120,"Centreville","VA",1810,38.8499984741211,-77.4599990844727
"370",94501,"Alameda","CA",1808,37.7599983215332,-122.26000213623
"371",85242,"Queen Creek","AZ",1805,33.2099990844727,-111.690002441406
"372",92037,"La Jolla","CA",1803,32.8400001525879,-117.25
"373",93401,"San Luis Obispo","CA",1800,35.2599983215332,-120.650001525879
"374",30188,"Woodstock","GA",1800,34.1199989318848,-84.4599990844727
"375",37040,"Clarksville","TN",1789,36.5299987792969,-87.3499984741211
"376",90291,"Venice","CA",1788,33.9900016784668,-118.470001220703
"377",61701,"Bloomington","IL",1785,40.4799995422363,-89
"378",95610,"Citrus Heights","CA",1778,38.7000007629395,-121.269996643066
"379",34682,"Palm Harbor","FL",1775,28.0799999237061,-82.7600021362305
"380",97501,"Medford","OR",1769,42.310001373291,-122.879997253418
"381",92081,"Vista","CA",1767,33.189998626709,-117.23999786377
"382",48501,"Flint","MI",1755,42.9700012207031,-83.7799987792969
"383",95926,"Chico","CA",1753,39.7900009155273,-121.849998474121
"384",75001,"Addison","TX",1753,32.9599990844727,-96.8300018310547
"385",20874,"Germantown","MD",1737,39.1699981689453,-77.2699966430664
"386",90292,"Marina del Rey","CA",1736,33.9900016784668,-118.449996948242
"387",98027,"Issaquah","WA",1735,47.5299987792969,-122.069999694824
"388",66051,"Olathe","KS",1730,38.8800010681152,-94.8199996948242
"389",95014,"Cupertino","CA",1727,37.310001373291,-122.040000915527
"390",92373,"Redlands","CA",1721,34.0499992370605,-117.169998168945
"391",21740,"Hagerstown","MD",1717,39.6399993896484,-77.7200012207031
"392",52801,"Davenport","IA",1714,41.5200004577637,-90.5800018310547
"393",2169,"Quincy","MA",1712,42.2400016784668,-71.0100021362305
"394",95008,"Campbell","CA",1707,37.2799987792969,-121.959999084473
"395",8540,"Princeton","NJ",1707,40.3699989318848,-74.6699981689453
"396",33410,"Palm Beach Gardens","FL",1705,26.8400001525879,-80.0899963378906
"397",78401,"Corpus Christi","TX",1703,27.7999992370605,-97.4000015258789
"398",27833,"Greenville","NC",1699,35.5999984741211,-77.379997253418
"399",23112,"Midlothian","VA",1698,37.4300003051758,-77.6500015258789
"400",80134,"Parker","CO",1691,39.4700012207031,-104.769996643066
"401",60004,"Arlington Heights","IL",1690,42.1100006103516,-87.9700012207031
"402",97123,"Hillsboro","OR",1683,45.5099983215332,-122.949996948242
"403",76244,"Keller","TX",1683,32.9300003051758,-97.25
"404",94540,"Hayward","CA",1679,37.6599998474121,-122.099998474121
"405",30028,"Cumming","GA",1678,34.2099990844727,-84.1399993896484
"406",36101,"Montgomery","AL",1677,32.4000015258789,-86.3300018310547
"407",90230,"Culver City","CA",1676,34,-118.389999389648
"408",21041,"Ellicott City","MD",1669,39.2700004577637,-76.8399963378906
"409",37064,"Franklin","TN",1669,35.9199981689453,-86.8899993896484
"410",31201,"Macon","GA",1667,32.8300018310547,-83.629997253418
"411",11405,"Jamaica","NY",1664,40.7000007629395,-73.7900009155273
"412",94582,"San Ramon","CA",1660,37.6699981689453,-121.889999389648
"413",93901,"Salinas","CA",1651,36.6699981689453,-121.650001525879
"414",98036,"Lynnwood","WA",1651,47.7999992370605,-122.279998779297
"415",79101,"Amarillo","TX",1651,35.2099990844727,-101.839996337891
"416",93062,"Simi Valley","CA",1650,34.2900009155273,-118.73999786377
"417",80001,"Arvada","CO",1649,39.7999992370605,-105.089996337891
"418",75701,"Tyler","TX",1631,32.3300018310547,-95.2900009155273
"419",75022,"Flower Mound","TX",1630,33.0099983215332,-97.0999984741211
"420",76501,"Temple","TX",1630,31.0900001525879,-97.3099975585938
"421",91358,"Thousand Oaks","CA",1624,34.1800003051758,-118.870002746582
"422",44501,"Youngstown","OH",1620,41.0999984741211,-80.6600036621094
"423",13901,"Binghamton","NY",1602,42.1599998474121,-75.8899993896484
"424",99001,"Airway Heights","WA",1599,47.6500015258789,-117.620002746582
"425",92607,"Laguna Niguel","CA",1598,33.5299987792969,-117.709999084473
"426",20715,"Bowie","MD",1598,38.9900016784668,-76.7399978637695
"427",60038,"Palatine","IL",1586,42.0999984741211,-88.0100021362305
"428",18015,"Bethlehem","PA",1584,40.5999984741211,-75.370002746582
"429",33458,"Jupiter","FL",1581,26.9400005340576,-80.120002746582
"430",93277,"Visalia","CA",1579,36.310001373291,-119.309997558594
"431",58102,"Fargo","ND",1578,46.8899993896484,-96.8000030517578
"432",92630,"Lake Forest","CA",1577,33.6500015258789,-117.669998168945
"433",75050,"Grand Prairie","TX",1565,32.7700004577637,-97
"434",94025,"Menlo Park","CA",1562,37.439998626709,-122.190002441406
"435",63301,"Saint Charles","MO",1555,38.8499984741211,-90.4800033569336
"436",52401,"Cedar Rapids","IA",1546,41.9700012207031,-91.6600036621094
"437",84601,"Provo","UT",1541,40.2200012207031,-111.690002441406
"438",20707,"Laurel","MD",1540,39.0999984741211,-76.879997253418
"439",95677,"Rocklin","CA",1535,38.7900009155273,-121.23999786377
"440",1701,"Framingham","MA",1534,42.3199996948242,-71.4300003051758
"441",34652,"New Port Richey","FL",1533,28.2399997711182,-82.7300033569336
"442",37660,"Kingsport","TN",1525,36.5499992370605,-82.5500030517578
"443",7960,"Morristown","NJ",1523,40.7900009155273,-74.4899978637695
"444",29483,"Summerville","SC",1519,33.0200004577637,-80.2099990844727
"445",54911,"Appleton","WI",1500,44.2799987792969,-88.4000015258789
"446",33770,"Largo","FL",1500,27.9200000762939,-82.8000030517578
"447",28601,"Hickory","NC",1492,35.75,-81.3199996948242
"448",55901,"Rochester","MN",1473,44.0499992370605,-92.5
"449",64801,"Joplin","MO",1471,37.1100006103516,-94.5199966430664
"450",30515,"Buford","GA",1468,34.1300010681152,-84.0299987792969
"451",19702,"Newark","DE",1463,39.5999984741211,-75.75
"452",30003,"Norcross","GA",1462,33.6800003051758,-84.0100021362305
"453",47901,"Lafayette","IN",1460,40.4199981689453,-86.8899993896484
"454",91941,"La Mesa","CA",1455,32.7599983215332,-117
"455",2153,"Medford","MA",1446,42.4199981689453,-71.1100006103516
"456",98003,"Federal Way","WA",1441,47.310001373291,-122.309997558594
"457",27587,"Wake Forest","NC",1437,35.9599990844727,-78.5199966430664
"458",26501,"Morgantown","WV",1426,39.6300010681152,-79.9599990844727
"459",70001,"Metairie","LA",1425,29.9899997711182,-90.1699981689453
"460",95030,"Los Gatos","CA",1422,37.1699981689453,-121.970001220703
"461",32762,"Oviedo","FL",1417,28.6599998474121,-81.1800003051758
"462",94566,"Pleasanton","CA",1414,37.6699981689453,-121.879997253418
"463",27560,"Morrisville","NC",1414,35.8300018310547,-78.8399963378906
"464",92672,"San Clemente","CA",1409,33.439998626709,-117.620002746582
"465",48601,"Saginaw","MI",1404,43.4099998474121,-83.9000015258789
"466",77338,"Humble","TX",1403,30,-95.2799987792969
"467",25301,"Charleston","WV",1400,38.3499984741211,-81.629997253418
"468",32746,"Lake Mary","FL",1398,28.7600002288818,-81.3499984741211
"469",28070,"Huntersville","NC",1394,35.4199981689453,-80.8399963378906
"470",86001,"Flagstaff","AZ",1391,35.1399993896484,-111.629997253418
"471",48033,"Southfield","MI",1377,42.4700012207031,-83.2900009155273
"472",34945,"Fort Pierce","FL",1366,27.4200000762939,-80.4499969482422
"473",54901,"Oshkosh","WI",1354,44.0200004577637,-88.5400009155273
"474",77410,"Cypress","TX",1350,29.9699993133545,-95.6999969482422
"475",23058,"Glen Allen","VA",1344,37.6599998474121,-77.4800033569336
"476",6810,"Danbury","CT",1342,41.3899993896484,-73.4499969482422
"477",76051,"Grapevine","TX",1338,32.9300003051758,-97.0999984741211
"478",95608,"Carmichael","CA",1328,38.6300010681152,-121.330001831055
"479",32080,"Saint Augustine","FL",1326,29.8299999237061,-81.2699966430664
"480",24501,"Lynchburg","VA",1319,37.4000015258789,-79.1699981689453
"481",65721,"Ozark","MO",1318,37.0099983215332,-93.1999969482422
"482",32771,"Sanford","FL",1314,28.7900009155273,-81.3000030517578
"483",16801,"State College","PA",1302,40.7999992370605,-77.8399963378906
"484",95616,"Davis","CA",1301,38.560001373291,-121.75
"485",94568,"Dublin","CA",1300,37.7099990844727,-121.930000305176
"486",39201,"Jackson","MS",1296,32.2900009155273,-90.1800003051758
"487",91604,"Studio City","CA",1287,34.1399993896484,-118.389999389648
"488",30101,"Acworth","GA",1280,34.0400009155273,-84.7099990844727
"489",63011,"Ballwin","MO",1263,38.5999984741211,-90.5500030517578
"490",88001,"Las Cruces","NM",1259,32.3199996948242,-106.73999786377
"491",39401,"Hattiesburg","MS",1259,31.25,-89.2799987792969
"492",6824,"Fairfield","CT",1253,41.1699981689453,-73.2699966430664
"493",90601,"Whittier","CA",1243,34.0099983215332,-118.029998779297
"494",20772,"Upper Marlboro","MD",1239,38.7999992370605,-76.7900009155273
"495",77573,"League City","TX",1237,29.5,-95.0899963378906
"496",48197,"Ypsilanti","MI",1237,42.2299995422363,-83.620002746582
"497",32003,"Orange Park","FL",1236,30.1299991607666,-81.7699966430664
"498",30083,"Stone Mountain","GA",1236,33.7900009155273,-84.1999969482422
"499",37024,"Brentwood","TN",1236,36,-86.7900009155273
"500",98001,"Auburn","WA",1236,47.310001373291,-122.26000213623
"501",78660,"Pflugerville","TX",1235,30.4400005340576,-97.629997253418
"502",57101,"Sioux Falls","SD",1233,43.5999984741211,-96.6999969482422
"503",80537,"Loveland","CO",1233,40.3899993896484,-105.110000610352
"504",81501,"Grand Junction","CO",1230,39.0800018310547,-108.540000915527
"505",19901,"Dover","DE",1229,39.1500015258789,-75.5299987792969
"506",33568,"Riverview","FL",1220,27.8700008392334,-82.3199996948242
"507",63005,"Chesterfield","MO",1218,38.6300010681152,-90.620002746582
"508",80401,"Golden","CO",1217,39.7099990844727,-105.230003356934
"509",75149,"Mesquite","TX",1211,32.7700004577637,-96.6100006103516
"510",6107,"West Hartford","CT",1201,41.7599983215332,-72.7600021362305
"511",76180,"North Richland Hills","TX",1190,32.8600006103516,-97.2200012207031
"512",48007,"Troy","MI",1188,42.5800018310547,-83.1500015258789
"513",99336,"Kennewick","WA",1181,46.189998626709,-119.129997253418
"514",59801,"Missoula","MT",1181,46.8600006103516,-114.040000915527
"515",34606,"Spring Hill","FL",1177,28.4699993133545,-82.5999984741211
"516",79601,"Abilene","TX",1173,32.4799995422363,-99.6999969482422
"517",7652,"Paramus","NJ",1172,40.9500007629395,-74.0699996948242
"518",94022,"Los Altos","CA",1169,37.3699989318848,-122.139999389648
"519",77701,"Beaumont","TX",1169,30.0699996948242,-94.0999984741211
"520",32750,"Longwood","FL",1164,28.7000007629395,-81.3600006103516
"521",30024,"Suwanee","GA",1160,34.060001373291,-84.0800018310547
"522",92064,"Poway","CA",1160,32.9799995422363,-117.040000915527
"523",92840,"Garden Grove","CA",1160,33.7900009155273,-117.930000305176
"524",92651,"Laguna Beach","CA",1149,33.5400009155273,-117.779998779297
"525",4401,"Bangor","ME",1145,44.810001373291,-68.7799987792969
"526",23185,"Williamsburg","VA",1142,37.2700004577637,-76.7099990844727
"527",32725,"Deltona","FL",1142,28.8999996185303,-81.2399978637695
"528",77840,"College Station","TX",1134,30.6000003814697,-96.3099975585938
"529",1060,"Northampton","MA",1133,42.3300018310547,-72.6800003051758
"530",77301,"Conroe","TX",1132,30.3099994659424,-95.4300003051758
"531",49684,"Traverse City","MI",1131,44.7700004577637,-85.6999969482422
"532",81001,"Pueblo","CO",1131,38.2900009155273,-104.580001831055
"533",2601,"Hyannis","MA",1128,41.6500015258789,-70.3000030517578
"534",86301,"Prescott","AZ",1127,34.5900001525879,-112.459999084473
"535",17315,"Dover","PA",1125,40.0099983215332,-76.8199996948242
"536",22554,"Stafford","VA",1124,38.4599990844727,-77.4400024414062
"537",60515,"Downers Grove","IL",1116,41.810001373291,-88.0199966430664
"538",90254,"Hermosa Beach","CA",1116,33.8699989318848,-118.400001525879
"539",95670,"Rancho Cordova","CA",1115,38.5999984741211,-121.25
"540",32703,"Apopka","FL",1109,28.6599998474121,-81.5
"541",7701,"Red Bank","NJ",1107,40.3499984741211,-74.0699996948242
"542",78501,"McAllen","TX",1106,26.2099990844727,-98.2399978637695
"543",29464,"Mount Pleasant","SC",1103,32.8199996948242,-79.8499984741211
"544",20151,"Chantilly","VA",1100,38.8899993896484,-77.4499969482422
"545",76039,"Euless","TX",1089,32.8499984741211,-97.0899963378906
"546",77801,"Bryan","TX",1087,30.8899993896484,-96.2900009155273
"547",54701,"Eau Claire","WI",1086,44.7999992370605,-91.4800033569336
"548",60031,"Gurnee","IL",1085,42.3699989318848,-87.9300003051758
"549",78641,"Leander","TX",1077,30.5300006866455,-97.879997253418
"550",1803,"Burlington","MA",1072,42.5099983215332,-71.1999969482422
"551",32960,"Vero Beach","FL",1071,27.6499996185303,-80.4199981689453
"552",30039,"Snellville","GA",1070,33.8199996948242,-84.0199966430664
"553",28025,"Concord","NC",1070,35.4000015258789,-80.5800018310547
"554",95687,"Vacaville","CA",1070,38.3499984741211,-121.949996948242
"555",22003,"Annandale","VA",1069,38.8300018310547,-77.2099990844727
"556",1970,"Salem","MA",1067,42.5200004577637,-70.9000015258789
"557",19401,"Norristown","PA",1066,40.1300010681152,-75.3499984741211
"558",8401,"Atlantic City","NJ",1065,39.3600006103516,-74.4400024414062
"559",80104,"Castle Rock","CO",1063,39.3899993896484,-104.860000610352
"560",93940,"Monterey","CA",1063,36.5900001525879,-121.849998474121
"561",73003,"Edmond","OK",1062,35.7000007629395,-97.5699996948242
"562",79821,"Anthony","TX",1058,31.9699993133545,-106.599998474121
"563",28115,"Mooresville","NC",1057,35.5800018310547,-80.8199996948242
"564",95991,"Yuba City","CA",1057,39,-121.620002746582
"565",54601,"La Crosse","WI",1056,43.7999992370605,-91.2200012207031
"566",33441,"Deerfield Beach","FL",1056,26.3099994659424,-80.0999984741211
"567",7011,"Clifton","NJ",1050,40.8800010681152,-74.1500015258789
"568",91316,"Encino","CA",1046,34.1599998474121,-118.51000213623
"569",33543,"Wesley Chapel","FL",1044,28.2099990844727,-82.3000030517578
"570",10801,"New Rochelle","NY",1044,40.9199981689453,-73.7900009155273
"571",94550,"Livermore","CA",1041,37.6800003051758,-121.75
"572",2148,"Malden","MA",1041,42.4300003051758,-71.0599975585938
"573",35756,"Madison","AL",1041,34.5800018310547,-86.8199996948242
"574",91354,"Valencia","CA",1035,34.4500007629395,-118.550003051758
"575",32547,"Fort Walton Beach","FL",1034,30.4500007629395,-86.629997253418
"576",90266,"Manhattan Beach","CA",1031,33.8899993896484,-118.400001525879
"577",84201,"Ogden","UT",1030,41.2400016784668,-112
"578",11377,"Woodside","NY",1029,40.7400016784668,-73.9100036621094
"579",34711,"Clermont","FL",1028,28.5400009155273,-81.7600021362305
"580",25701,"Huntington","WV",1025,38.4000015258789,-82.4400024414062
"581",2471,"Watertown","MA",1020,42.3699989318848,-71.1699981689453
"582",20781,"Hyattsville","MD",1017,38.939998626709,-76.9300003051758
"583",32707,"Casselberry","FL",1016,28.6599998474121,-81.3099975585938
"584",60120,"Elgin","IL",1013,42.0400009155273,-88.2799987792969
"585",43081,"Westerville","OH",1010,40.1100006103516,-82.9100036621094
"586",55344,"Eden Prairie","MN",1009,44.8600006103516,-93.4499969482422
"587",59101,"Billings","MT",1008,45.7700004577637,-108.480003356934
"588",91758,"Ontario","CA",1007,34.060001373291,-117.610000610352
"589",95628,"Fair Oaks","CA",1007,38.6500015258789,-121.26000213623
"590",95035,"Milpitas","CA",1004,37.439998626709,-121.889999389648
"591",64063,"Lees Summit","MO",1004,39.0999984741211,-93.5500030517578
"592",29708,"Fort Mill","SC",1003,35.0099983215332,-80.9499969482422
"593",44107,"Lakewood","OH",1002,41.4799995422363,-81.7900009155273
"594",39530,"Biloxi","MS",1002,30.3999996185303,-88.9000015258789
"595",92688,"Rancho Santa Margarita","CA",998,33.6500015258789,-117.589996337891
"596",92551,"Moreno Valley","CA",997,33.9000015258789,-117.190002441406
"597",21117,"Owings Mills","MD",996,39.4300003051758,-76.7699966430664
"598",33548,"Lutz","FL",995,28.1399993896484,-82.4800033569336
"599",18040,"Easton","PA",995,40.7200012207031,-75.2200012207031
"600",13601,"Watertown","NY",994,43.9799995422363,-75.9000015258789
"601",92885,"Yorba Linda","CA",994,33.8899993896484,-117.819999694824
"602",13501,"Utica","NY",993,43.0800018310547,-75.2300033569336
"603",91324,"Northridge","CA",987,34.2400016784668,-118.550003051758
"604",6830,"Greenwich","CT",986,41.0400009155273,-73.629997253418
"605",30133,"Douglasville","GA",985,33.7400016784668,-84.6999969482422
"606",73019,"Norman","OK",983,35.2099990844727,-97.4499969482422
"607",80030,"Westminster","CO",983,39.8300018310547,-105.040000915527
"608",92071,"Santee","CA",983,32.8499984741211,-116.98999786377
"609",28104,"Matthews","NC",981,35.1199989318848,-80.7200012207031
"610",98020,"Edmonds","WA",981,47.7999992370605,-122.370002746582
"611",76063,"Mansfield","TX",979,32.5800018310547,-97.1399993896484
"612",84070,"Sandy","UT",978,40.5699996948242,-111.879997253418
"613",91801,"Alhambra","CA",978,34.0900001525879,-118.129997253418
"614",63366,"O Fallon","MO",977,38.8400001525879,-90.7399978637695
"615",18901,"Doylestown","PA",977,40.3300018310547,-75.120002746582
"616",48331,"Farmington","MI",971,42.5099983215332,-83.4100036621094
"617",87124,"Rio Rancho","NM",969,35.2599983215332,-106.699996948242
"618",60544,"Plainfield","IL",969,41.6199989318848,-88.1999969482422
"619",30114,"Canton","GA",969,34.25,-84.5199966430664
"620",94945,"Novato","CA",969,38.1199989318848,-122.550003051758
"621",97034,"Lake Oswego","OR",967,45.4099998474121,-122.690002441406
"622",76021,"Bedford","TX",964,32.8600006103516,-97.1399993896484
"623",2134,"Allston","MA",962,42.3600006103516,-71.129997253418
"624",22801,"Harrisonburg","VA",956,38.439998626709,-78.870002746582
"625",53140,"Kenosha","WI",956,42.5800018310547,-87.8300018310547
"626",77325,"Kingwood","TX",949,30.0699996948242,-95.2200012207031
"627",92211,"Palm Desert","CA",949,33.75,-116.330001831055
"628",75601,"Longview","TX",948,32.5200004577637,-94.7300033569336
"629",46032,"Carmel","IN",948,39.9700012207031,-86.1600036621094
"630",48310,"Sterling Heights","MI",946,42.5699996948242,-83.0699996948242
"631",3756,"Lebanon","NH",944,43.6399993896484,-72.25
"632",27260,"High Point","NC",940,35.9700012207031,-80
"633",46401,"Gary","IN",939,41.4599990844727,-87.2900009155273
"634",56301,"Saint Cloud","MN",939,45.5299987792969,-94.2099990844727
"635",34637,"Land O Lakes","FL",938,28.25,-82.5
"636",11101,"Long Island City","NY",938,40.75,-73.9400024414062
"637",6351,"Jewett City","CT",937,41.5999984741211,-71.9800033569336
"638",94506,"Danville","CA",935,37.810001373291,-121.910003662109
"639",11359,"Bayside","NY",929,40.7900009155273,-73.7799987792969
"640",27520,"Clayton","NC",929,35.6399993896484,-78.4400024414062
"641",46037,"Fishers","IN",929,39.9500007629395,-85.9700012207031
"642",42101,"Bowling Green","KY",928,37.0200004577637,-86.4599990844727
"643",94941,"Mill Valley","CA",928,37.8899993896484,-122.569999694824
"644",93534,"Lancaster","CA",924,34.689998626709,-118.139999389648
"645",23701,"Portsmouth","VA",921,36.810001373291,-76.370002746582
"646",98074,"Sammamish","WA",920,47.6199989318848,-122.050003051758
"647",73501,"Lawton","OK",920,34.6100006103516,-98.4000015258789
"648",49440,"Muskegon","MI",920,43.2299995422363,-86.25
"649",48187,"Canton","MI",920,42.3300018310547,-83.4800033569336
"650",94010,"Burlingame","CA",916,37.5699996948242,-122.360000610352
"651",36301,"Dothan","AL",916,31.2000007629395,-85.4199981689453
"652",78350,"Dinero","TX",914,28.2299995422363,-97.9599990844727
"653",32135,"Palm Coast","FL",914,29.5499992370605,-81.2300033569336
"654",30252,"McDonough","GA",911,33.4700012207031,-84.0500030517578
"655",95501,"Eureka","CA",910,40.7799987792969,-124.150001525879
"656",3431,"Keene","NH",909,42.939998626709,-72.2900009155273
"657",6040,"Manchester","CT",909,41.7799987792969,-72.5199966430664
"658",60187,"Wheaton","IL",908,41.8600006103516,-88.1100006103516
"659",6601,"Bridgeport","CT",907,41.1800003051758,-73.1999969482422
"660",8753,"Toms River","NJ",906,39.9900016784668,-74.1800003051758
"661",98290,"Snohomish","WA",906,47.939998626709,-122.019996643066
"662",33030,"Homestead","FL",904,25.4799995422363,-80.5100021362305
"663",94577,"San Leandro","CA",902,37.7200012207031,-122.160003662109
"664",92331,"Fontana","CA",899,34.0900001525879,-117.459999084473
"665",48306,"Rochester","MI",893,42.7200012207031,-83.1500015258789
"666",91709,"Chino Hills","CA",891,33.9900016784668,-117.680000305176
"667",3301,"Concord","NH",888,43.2400016784668,-71.5100021362305
"668",55801,"Duluth","MN",883,47.0999984741211,-91.8499984741211
"669",57701,"Rapid City","SD",882,44.0800018310547,-103.169998168945
"670",21014,"Bel Air","MD",881,39.5400009155273,-76.3600006103516
"671",20601,"Waldorf","MD",879,38.6300010681152,-76.870002746582
"672",78626,"Georgetown","TX",878,30.6399993896484,-97.6600036621094
"673",94589,"Vallejo","CA",877,38.1599998474121,-122.25
"674",75056,"The Colony","TX",874,33.0999984741211,-96.879997253418
"675",85338,"Goodyear","AZ",873,33.4300003051758,-112.379997253418
"676",94608,"Emeryville","CA",873,37.8300018310547,-122.290000915527
"677",70601,"Lake Charles","LA",873,30.2299995422363,-93.1900024414062
"678",48150,"Livonia","MI",872,42.3699989318848,-83.370002746582
"679",8807,"Bridgewater","NJ",871,40.5900001525879,-74.620002746582
"680",2886,"Warwick","RI",870,41.7000007629395,-71.4400024414062
"681",85364,"Yuma","AZ",869,32.7000007629395,-114.650001525879
"682",74011,"Broken Arrow","OK",868,35.9900016784668,-95.8099975585938
"683",12065,"Clifton Park","NY",868,42.8499984741211,-73.8000030517578
"684",1760,"Natick","MA",867,42.2900009155273,-71.3499984741211
"685",19335,"Downingtown","PA",865,40.0200004577637,-75.7099990844727
"686",34994,"Stuart","FL",863,27.2000007629395,-80.25
"687",32708,"Winter Springs","FL",861,28.6800003051758,-81.2799987792969
"688",21204,"Towson","MD",859,39.4000015258789,-76.6100006103516
"689",92629,"Dana Point","CA",858,33.4700012207031,-117.699996948242
"690",22009,"Burke","VA",858,38.7900009155273,-77.2699966430664
"691",28560,"New Bern","NC",857,35.0999984741211,-77.0299987792969
"692",29730,"Rock Hill","SC",856,34.9300003051758,-81.0199966430664
"693",63376,"Saint Peters","MO",852,38.7799987792969,-90.620002746582
"694",93010,"Camarillo","CA",848,34.2299995422363,-119.019996643066
"695",23111,"Mechanicsville","VA",847,37.6300010681152,-77.3600006103516
"696",91006,"Arcadia","CA",847,34.1399993896484,-118.019996643066
"697",64050,"Independence","MO",846,39.0900001525879,-94.4000015258789
"698",35401,"Tuscaloosa","AL",846,33.189998626709,-87.5599975585938
"699",10960,"Nyack","NY",843,41.0900001525879,-73.9300003051758
"700",12180,"Troy","NY",842,42.7400016784668,-73.6100006103516
"701",56001,"Mankato","MN",842,44.1599998474121,-94
"702",66502,"Manhattan","KS",839,39.2000007629395,-96.5999984741211
"703",97330,"Corvallis","OR",838,44.5999984741211,-123.269996643066
"704",53545,"Janesville","WI",837,42.689998626709,-89.0500030517578
"705",6457,"Middletown","CT",837,41.5499992370605,-72.6600036621094
"706",91303,"Canoga Park","CA",834,34.2000007629395,-118.599998474121
"707",93030,"Oxnard","CA",833,34.2200012207031,-119.180000305176
"708",99701,"Fairbanks","AK",830,64.8399963378906,-147.720001220703
"709",19080,"Wayne","PA",830,40.0400009155273,-75.3899993896484
"710",12590,"Wappingers Falls","NY",829,41.5999984741211,-73.8899993896484
"711",6497,"Stratford","CT",828,41.2099990844727,-73.129997253418
"712",55701,"Adolph","MN",828,46.8400001525879,-92.2200012207031
"713",32240,"Jacksonville Beach","FL",828,30.2800006866455,-81.4100036621094
"714",75032,"Rockwall","TX",827,32.8699989318848,-96.4100036621094
"715",92708,"Fountain Valley","CA",827,33.7200012207031,-117.940002441406
"716",8873,"Somerset","NJ",825,40.5,-74.5199966430664
"717",30038,"Lithonia","GA",824,33.6800003051758,-84.1600036621094
"718",27529,"Garner","NC",824,35.6800003051758,-78.6100006103516
"719",8854,"Piscataway","NJ",824,40.5499992370605,-74.4599990844727
"720",77375,"Tomball","TX",822,30.0799999237061,-95.620002746582
"721",21228,"Catonsville","MD",821,39.3300018310547,-76.7399978637695
"722",11385,"Ridgewood","NY",820,40.7000007629395,-73.879997253418
"723",95304,"Tracy","CA",814,37.7299995422363,-121.410003662109
"724",92653,"Laguna Hills","CA",813,33.5999984741211,-117.709999084473
"725",17701,"Williamsport","PA",812,41.2700004577637,-77.0400009155273
"726",29621,"Anderson","SC",811,34.5200004577637,-82.6399993896484
"727",30012,"Conyers","GA",809,33.7099990844727,-84.0100021362305
"728",80027,"Louisville","CO",809,39.9700012207031,-105.150001525879
"729",75019,"Coppell","TX",807,32.9599990844727,-96.9800033569336
"730",21060,"Glen Burnie","MD",806,39.1599998474121,-76.5800018310547
"731",7002,"Bayonne","NJ",806,40.6599998474121,-74.120002746582
"732",66203,"Shawnee","KS",806,39.0200004577637,-94.6999969482422
"733",19446,"Lansdale","PA",805,40.2400016784668,-75.2900009155273
"734",60126,"Elmhurst","IL",804,41.8899993896484,-87.9400024414062
"735",27540,"Holly Springs","NC",803,35.6199989318848,-78.8300018310547
"736",59715,"Bozeman","MT",799,45.6699981689453,-111.059997558594
"737",72901,"Fort Smith","AR",799,35.3699989318848,-94.4100036621094
"738",98315,"Silverdale","WA",798,47.7000007629395,-122.720001220703
"739",13088,"Liverpool","NY",797,43.1100006103516,-76.1999969482422
"740",98270,"Marysville","WA",797,48.060001373291,-122.150001525879
"741",66101,"Kansas City","KS",796,39.1199989318848,-94.629997253418
"742",6460,"Milford","CT",796,41.2299995422363,-73.0599975585938
"743",22601,"Winchester","VA",796,39.1800003051758,-78.1600036621094
"744",47801,"Terre Haute","IN",795,39.4700012207031,-87.4100036621094
"745",1830,"Haverhill","MA",794,42.7799987792969,-71.0800018310547
"746",60016,"Des Plaines","IL",794,42.0499992370605,-87.8899993896484
"747",7003,"Bloomfield","NJ",793,40.810001373291,-74.1900024414062
"748",95605,"West Sacramento","CA",793,38.5900001525879,-121.540000915527
"749",27510,"Carrboro","NC",792,35.9199981689453,-79.0800018310547
"750",93611,"Clovis","CA",792,36.8499984741211,-119.650001525879
"751",27526,"Fuquay Varina","NC",790,35.5999984741211,-78.7799987792969
"752",95762,"El Dorado Hills","CA",788,38.7200012207031,-121.080001831055
"753",23432,"Suffolk","VA",788,36.8699989318848,-76.5599975585938
"754",37801,"Maryville","TN",788,35.75,-83.9700012207031
"755",10583,"Scarsdale","NY",786,40.9900016784668,-73.8000030517578
"756",15901,"Johnstown","PA",785,40.3300018310547,-78.9100036621094
"757",48088,"Warren","MI",785,42.5200004577637,-82.9800033569336
"758",83814,"Coeur D Alene","ID",784,47.689998626709,-116.779998779297
"759",70448,"Mandeville","LA",783,30.3700008392334,-90.0299987792969
"760",14901,"Elmira","NY",783,42.0999984741211,-76.8099975585938
"761",11373,"Elmhurst","NY",783,40.7400016784668,-73.879997253418
"762",98329,"Gig Harbor","WA",782,47.3699989318848,-122.709999084473
"763",32905,"Palm Bay","FL",782,28.0300006866455,-80.5999984741211
"764",60076,"Skokie","IL",782,42.0299987792969,-87.7300033569336
"765",60007,"Elk Grove Village","IL",781,42.0099983215332,-88
"766",31601,"Valdosta","GA",779,30.8299999237061,-83.2799987792969
"767",83642,"Meridian","ID",777,43.6100006103516,-116.400001525879
"768",1801,"Woburn","MA",776,42.4799995422363,-71.1600036621094
"769",11372,"Jackson Heights","NY",774,40.75,-73.879997253418
"770",33160,"North Miami Beach","FL",773,25.9400005340576,-80.1399993896484
"771",98901,"Yakima","WA",772,46.6100006103516,-120.470001220703
"772",1923,"Danvers","MA",772,42.5699996948242,-70.9400024414062
"773",29680,"Simpsonville","SC",772,34.7200012207031,-82.2699966430664
"774",76301,"Wichita Falls","TX",771,33.9099998474121,-98.5
"775",62901,"Carbondale","IL",771,37.7299995422363,-89.2200012207031
"776",7054,"Parsippany","NJ",770,40.8600006103516,-74.4100036621094
"777",94546,"Castro Valley","CA",769,37.7299995422363,-122.080001831055
"778",31088,"Warner Robins","GA",769,32.5999984741211,-83.6399993896484
"779",34697,"Dunedin","FL",765,28.0300006866455,-82.7600021362305
"780",7601,"Hackensack","NJ",764,40.8899993896484,-74.0500030517578
"781",34777,"Winter Garden","FL",763,28.4899997711182,-81.6100006103516
"782",10591,"Tarrytown","NY",761,41.0800018310547,-73.8600006103516
"783",92543,"Hemet","CA",759,33.7000007629395,-116.980003356934
"784",50265,"West Des Moines","IA",758,41.5800018310547,-93.7600021362305
"785",49201,"Jackson","MI",757,42.25,-84.379997253418
"786",78130,"New Braunfels","TX",757,29.7199993133545,-98.0800018310547
"787",91784,"Upland","CA",757,34.1399993896484,-117.669998168945
"788",33594,"Valrico","FL",756,27.9200000762939,-82.25
"789",94002,"Belmont","CA",754,37.5099983215332,-122.300003051758
"790",85323,"Avondale","AZ",753,33.4300003051758,-112.349998474121
"791",901,"San Juan","PR",753,18.4599990844727,-66.1100006103516
"792",37075,"Hendersonville","TN",753,36.3199996948242,-86.6100006103516
"793",94533,"Fairfield","CA",752,38.2900009155273,-122.01000213623
"794",19054,"Levittown","PA",752,40.1699981689453,-74.8199996948242
"795",77501,"Pasadena","TX",752,29.6800003051758,-95.1699981689453
"796",44256,"Medina","OH",752,41.1300010681152,-81.8600006103516
"797",94952,"Petaluma","CA",752,38.2400016784668,-122.660003662109
"798",20815,"Chevy Chase","MD",751,38.9799995422363,-77.0800018310547
"799",79760,"Odessa","TX",751,31.8299999237061,-102.430000305176
"800",7095,"Woodbridge","NJ",751,40.560001373291,-74.2900009155273
"801",97030,"Gresham","OR",750,45.5,-122.419998168945
"802",45040,"Mason","OH",750,39.3499984741211,-84.3099975585938
"803",38016,"Cordova","TN",748,35.1800003051758,-89.7600021362305
"804",37011,"Antioch","TN",747,36.1699981689453,-86.879997253418
"805",38301,"Jackson","TN",746,35.6100006103516,-88.8199996948242
"806",8054,"Mount Laurel","NJ",744,39.9500007629395,-74.9199981689453
"807",8816,"East Brunswick","NJ",741,40.4300003051758,-74.4100036621094
"808",60089,"Buffalo Grove","IL",741,42.1699981689453,-87.9599990844727
"809",19406,"King of Prussia","PA",740,40.1199989318848,-75.370002746582
"810",45011,"Hamilton","OH",739,39.4099998474121,-84.5100021362305
"811",20740,"College Park","MD",737,39,-76.9300003051758
"812",8053,"Marlton","NJ",737,39.8899993896484,-74.9100036621094
"813",12866,"Saratoga Springs","NY",736,43.0800018310547,-73.7699966430664
"814",19067,"Morrisville","PA",734,40.2000007629395,-74.8300018310547
"815",62521,"Decatur","IL",732,39.8300018310547,-88.9199981689453
"816",91030,"South Pasadena","CA",732,34.1100006103516,-118.160003662109
"817",19464,"Pottstown","PA",731,40.2400016784668,-75.6399993896484
"818",21801,"Salisbury","MD",731,38.3600006103516,-75.5899963378906
"819",6514,"Hamden","CT",731,41.3699989318848,-72.9400024414062
"820",76901,"San Angelo","TX",729,31.4699993133545,-100.48999786377
"821",82001,"Cheyenne","WY",728,41.1399993896484,-104.790000915527
"822",64501,"Saint Joseph","MO",728,39.7700004577637,-94.8399963378906
"823",60440,"Bolingbrook","IL",726,41.7000007629395,-88.0800018310547
"824",1201,"Pittsfield","MA",722,42.4599990844727,-73.25
"825",21234,"Parkville","MD",721,39.3899993896484,-76.5400009155273
"826",6701,"Waterbury","CT",719,41.560001373291,-73.0500030517578
"827",30132,"Dallas","GA",719,33.9900016784668,-84.8600006103516
"828",60050,"McHenry","IL",716,42.3499984741211,-88.2600021362305
"829",53401,"Racine","WI",716,42.689998626709,-87.8099975585938
"830",2360,"Plymouth","MA",715,41.8699989318848,-70.6399993896484
"831",55305,"Hopkins","MN",714,44.9500007629395,-93.4300003051758
"832",55306,"Burnsville","MN",714,44.7299995422363,-93.2900009155273
"833",80026,"Lafayette","CO",711,40,-105.099998474121
"834",98439,"Lakewood","WA",710,47.1300010681152,-122.519996643066
"835",44145,"Westlake","OH",709,41.4500007629395,-81.9300003051758
"836",91790,"West Covina","CA",709,34.0699996948242,-117.940002441406
"837",1960,"Peabody","MA",709,42.5299987792969,-70.9700012207031
"838",3820,"Dover","NH",709,43.189998626709,-70.9100036621094
"839",11104,"Sunnyside","NY",708,40.7400016784668,-73.9199981689453
"840",1915,"Beverly","MA",708,42.5699996948242,-70.8499984741211
"841",60174,"Saint Charles","IL",707,41.9199981689453,-88.3000030517578
"842",77640,"Port Arthur","TX",707,29.8999996185303,-93.9599990844727
"843",60012,"Crystal Lake","IL",707,42.2700004577637,-88.3000030517578
"844",29650,"Greer","SC",707,34.9000015258789,-82.2699966430664
"845",75090,"Sherman","TX",706,33.6399993896484,-96.6100006103516
"846",90731,"San Pedro","CA",706,33.7400016784668,-118.279998779297
"847",83651,"Nampa","ID",704,43.5800018310547,-116.589996337891
"848",48120,"Dearborn","MI",699,42.310001373291,-83.1699981689453
"849",78666,"San Marcos","TX",697,29.8799991607666,-97.9499969482422
"850",28031,"Cornelius","NC",696,35.4799995422363,-80.8600006103516
"851",75030,"Rowlett","TX",694,32.9000015258789,-96.5599975585938
"852",98072,"Woodinville","WA",694,47.75,-122.099998474121
"853",53186,"Waukesha","WI",694,43.0099983215332,-88.2099990844727
"854",92392,"Victorville","CA",694,34.5099983215332,-117.319999694824
"855",94523,"Pleasant Hill","CA",691,37.9500007629395,-122.069999694824
"856",91016,"Monrovia","CA",690,34.1399993896484,-118
"857",19460,"Phoenixville","PA",689,40.1100006103516,-75.5500030517578
"858",19063,"Media","PA",689,39.9199981689453,-75.4199981689453
"859",7728,"Freehold","NJ",687,40.2400016784668,-74.2799987792969
"860",90711,"Lakewood","CA",687,33.8499984741211,-118.150001525879
"861",77520,"Baytown","TX",686,29.7700004577637,-94.9400024414062
"862",15601,"Greensburg","PA",683,40.2999992370605,-79.5400009155273
"863",89431,"Sparks","NV",681,39.5499992370605,-119.730003356934
"864",91319,"Newbury Park","CA",681,34.1800003051758,-118.919998168945
"865",91711,"Claremont","CA",679,34.1100006103516,-117.720001220703
"866",65101,"Jefferson City","MO",679,38.5,-92.1600036621094
"867",91607,"Valley Village","CA",679,34.1699981689453,-118.400001525879
"868",37601,"Johnson City","TN",679,36.3300018310547,-82.3600006103516
"869",30084,"Tucker","GA",676,33.8499984741211,-84.2300033569336
"870",29405,"North Charleston","SC",675,32.8600006103516,-79.9899978637695
"871",77406,"Richmond","TX",673,29.6200008392334,-95.6500015258789
"872",30047,"Lilburn","GA",673,33.8699989318848,-84.1100006103516
"873",45839,"Findlay","OH",670,41.0400009155273,-83.6500015258789
"874",7470,"Wayne","NJ",670,40.9500007629395,-74.25
"875",38501,"Cookeville","TN",670,36.2000007629395,-85.5199966430664
"876",83401,"Idaho Falls","ID",670,43.5299987792969,-111.809997558594
"877",32123,"Port Orange","FL",669,29.1499996185303,-81.0299987792969
"878",11758,"Massapequa","NY",669,40.689998626709,-73.4700012207031
"879",11590,"Westbury","NY",668,40.7599983215332,-73.5800018310547
"880",75098,"Wylie","TX",668,33.0200004577637,-96.5400009155273
"881",48823,"East Lansing","MI",668,42.75,-84.4700012207031
"882",4330,"Augusta","ME",668,44.3499984741211,-69.7300033569336
"883",12801,"Glens Falls","NY",667,43.310001373291,-73.6399993896484
"884",7090,"Westfield","NJ",666,40.6500015258789,-74.3499984741211
"885",63031,"Florissant","MO",664,38.810001373291,-90.3399963378906
"886",7047,"North Bergen","NJ",663,40.7900009155273,-74.0199966430664
"887",7093,"West New York","NJ",661,40.7900009155273,-74.0100021362305
"888",90620,"Buena Park","CA",661,33.8400001525879,-118.01000213623
"889",29150,"Sumter","SC",660,33.8800010681152,-80.2600021362305
"890",60148,"Lombard","IL",659,41.8699989318848,-88.0100021362305
"891",45069,"West Chester","OH",658,39.3400001525879,-84.4000015258789
"892",16601,"Altoona","PA",658,40.5200004577637,-78.4000015258789
"893",11374,"Rego Park","NY",657,40.7299995422363,-73.8600006103516
"894",91775,"San Gabriel","CA",657,34.1100006103516,-118.089996337891
"895",7052,"West Orange","NJ",657,40.7799987792969,-74.2600021362305
"896",84057,"Orem","UT",655,40.3199996948242,-111.699996948242
"897",2478,"Belmont","MA",653,42.3899993896484,-71.1800003051758
"898",94553,"Martinez","CA",652,37.9900016784668,-122.160003662109
"899",19083,"Havertown","PA",652,39.9700012207031,-75.3099975585938
"900",21113,"Odenton","MD",651,39.0699996948242,-76.6999969482422
"901",2458,"Newton","MA",651,42.3499984741211,-71.1900024414062
"902",17050,"Mechanicsburg","PA",651,40.2200012207031,-77.0100021362305
"903",6484,"Shelton","CT",650,41.310001373291,-73.1399993896484
"904",50701,"Waterloo","IA",649,42.4799995422363,-92.370002746582
"905",43026,"Hilliard","OH",649,40.0299987792969,-83.1399993896484
"906",28052,"Gastonia","NC",648,35.2299995422363,-81.2399978637695
"907",20155,"Gainesville","VA",648,38.7799987792969,-77.6600036621094
"908",54401,"Wausau","WI",646,44.9599990844727,-89.6600036621094
"909",94013,"Daly City","CA",644,37.7200012207031,-122.529998779297
"910",29501,"Florence","SC",644,34.1800003051758,-79.7799987792969
"911",29071,"Lexington","SC",643,33.9799995422363,-81.2399978637695
"912",48322,"West Bloomfield","MI",643,42.5499992370605,-83.379997253418
"913",4240,"Lewiston","ME",641,44.0999984741211,-70.1900024414062
"914",95662,"Orangevale","CA",641,38.6800003051758,-121.230003356934
"915",46060,"Noblesville","IN",641,40.0400009155273,-86.0100021362305
"916",76053,"Hurst","TX",640,32.8199996948242,-97.1800003051758
"917",89701,"Carson City","NV",640,39.2000007629395,-119.76000213623
"918",91335,"Reseda","CA",638,34.2000007629395,-118.540000915527
"919",74074,"Stillwater","OK",637,36.1100006103516,-97.0800018310547
"920",77459,"Missouri City","TX",637,29.5300006866455,-95.5299987792969
"921",98366,"Port Orchard","WA",636,47.5,-122.620002746582
"922",80631,"Greeley","CO",634,40.4199981689453,-104.709999084473
"923",46901,"Kokomo","IN",633,40.4900016784668,-86.1500015258789
"924",84084,"West Jordan","UT",633,40.6199989318848,-111.970001220703
"925",27530,"Goldsboro","NC",632,35.3800010681152,-78.0999984741211
"926",98038,"Maple Valley","WA",631,47.4000015258789,-122.029998779297
"927",60477,"Tinley Park","IL",630,41.5699996948242,-87.7900009155273
"928",7024,"Fort Lee","NJ",630,40.8499984741211,-73.9800033569336
"929",90239,"Downey","CA",630,33.9300003051758,-118.110000610352
"930",37076,"Hermitage","TN",630,36.189998626709,-86.5999984741211
"931",1002,"Amherst","MA",630,42.3800010681152,-72.4700012207031
"932",63026,"Fenton","MO",629,38.5,-90.4599990844727
"933",91976,"Spring Valley","CA",626,32.75,-116.98999786377
"934",44901,"Mansfield","OH",626,40.689998626709,-82.5899963378906
"935",20854,"Potomac","MD",626,39.0299987792969,-77.2399978637695
"936",92821,"Brea","CA",626,33.9300003051758,-117.879997253418
"937",33772,"Seminole","FL",626,27.8400001525879,-82.8000030517578
"938",6450,"Meriden","CT",625,41.5299987792969,-72.8000030517578
"939",21093,"Lutherville Timonium","MD",624,39.4300003051758,-76.6500015258789
"940",60025,"Glenview","IL",624,42.0800018310547,-87.8199996948242
"941",76701,"Waco","TX",624,31.5499992370605,-97.1399993896484
"942",30281,"Stockbridge","GA",623,33.5499992370605,-84.2099990844727
"943",45701,"Athens","OH",623,39.310001373291,-82.0999984741211
"944",62220,"Belleville","IL",622,38.5299987792969,-89.9899978637695
"945",85222,"Casa Grande","AZ",622,33.3300018310547,-111.330001831055
"946",98362,"Port Angeles","WA",621,48.0400009155273,-123.51000213623
"947",2420,"Lexington","MA",621,42.4599990844727,-71.2200012207031
"948",12901,"Plattsburgh","NY",620,44.7299995422363,-73.4599990844727
"949",34786,"Windermere","FL",619,28.5,-81.5299987792969
"950",1810,"Andover","MA",618,42.6500015258789,-71.1600036621094
"951",8723,"Brick","NJ",618,40.0499992370605,-74.1100006103516
"952",92262,"Palm Springs","CA",618,33.8600006103516,-116.559997558594
"953",53081,"Sheboygan","WI",617,43.7400016784668,-87.7300033569336
"954",51101,"Sioux City","IA",617,42.4900016784668,-96.4000015258789
"955",92399,"Yucaipa","CA",612,34.0299987792969,-117.040000915527
"956",42001,"Paducah","KY",611,37.0400009155273,-88.7099990844727
"957",2129,"Charlestown","MA",611,42.3400001525879,-71.0999984741211
"958",92584,"Menifee","CA",611,33.6800003051758,-117.190002441406
"959",75068,"Little Elm","TX",610,33.1699981689453,-96.9599990844727
"960",11561,"Long Beach","NY",609,40.5900001525879,-73.6600036621094
"961",18940,"Newtown","PA",609,40.25,-74.9400024414062
"962",77546,"Friendswood","TX",608,29.5200004577637,-95.1999969482422
"963",32720,"Deland","FL",606,29.0300006866455,-81.3300018310547
"964",70360,"Houma","LA",606,29.6100006103516,-90.7799987792969
"965",55311,"Osseo","MN",605,45.1199989318848,-93.4899978637695
"966",98258,"Lake Stevens","WA",605,48.0299987792969,-122.059997558594
"967",66201,"Mission","KS",604,38.9700012207031,-94.6800003051758
"968",92683,"Westminster","CA",603,33.75,-117.98999786377
"969",2184,"Braintree","MA",603,42.2099990844727,-71
"970",21236,"Nottingham","MD",603,39.3899993896484,-76.4899978637695
"971",94509,"Antioch","CA",601,38,-121.800003051758
"972",94587,"Union City","CA",600,37.5900001525879,-122.050003051758
"973",19020,"Bensalem","PA",599,40.0999984741211,-74.9300003051758
"974",12550,"Newburgh","NY",597,41.5200004577637,-74.0599975585938
"975",8902,"North Brunswick","NJ",597,40.4500007629395,-74.4899978637695
"976",6880,"Westport","CT",597,41.1399993896484,-73.3499984741211
"977",10550,"Mount Vernon","NY",596,40.9099998474121,-73.8399963378906
"978",91001,"Altadena","CA",596,34.189998626709,-118.139999389648
"979",7083,"Union","NJ",596,40.689998626709,-74.2699966430664
"980",85327,"Cave Creek","AZ",595,33.8300018310547,-111.959999084473
"981",95843,"Antelope","CA",595,38.689998626709,-121.379997253418
"982",27278,"Hillsborough","NC",593,36.0699996948242,-79.0800018310547
"983",94530,"El Cerrito","CA",591,37.9199981689453,-122.300003051758
"984",2910,"Cranston","RI",591,41.7799987792969,-71.4400024414062
"985",30052,"Loganville","GA",591,33.810001373291,-83.8899993896484
"986",30127,"Powder Springs","GA",591,33.8800010681152,-84.6900024414062
"987",8081,"Sicklerville","NJ",590,39.7700004577637,-75.0100021362305
"988",11746,"Huntington Station","NY",590,40.8199996948242,-73.370002746582
"989",60030,"Grayslake","IL",588,42.3400001525879,-88.0199966430664
"990",91356,"Tarzana","CA",588,34.1599998474121,-118.550003051758
"991",75501,"Texarkana","TX",587,33.4199981689453,-94.0999984741211
"992",32173,"Ormond Beach","FL",586,29.2900009155273,-81.0899963378906
"993",94513,"Brentwood","CA",584,37.939998626709,-121.699996948242
"994",29445,"Goose Creek","SC",583,33.0299987792969,-80.0500030517578
"995",66215,"Lenexa","KS",583,38.9500007629395,-94.7399978637695
"996",78520,"Brownsville","TX",583,25.9799995422363,-97.5400009155273
"997",2301,"Brockton","MA",583,42.0900001525879,-71.0400009155273
"998",34601,"Brooksville","FL",582,28.5699996948242,-82.379997253418
"999",95037,"Morgan Hill","CA",582,37.1199989318848,-121.650001525879
"1000",92694,"Ladera Ranch","CA",581,33.560001373291,-117.669998168945
